id,mynumber,name,address,created_at,updated_at
1,320681475029,高木 陸,108-0014東京都港区芝浦三丁目1番21号,2020-05-18 06:46:13.257043,2020-05-18 06:46:13.257043
2,787828721111,前田 颯,108-0014東京都港区芝浦三丁目1番21号,2020-05-18 06:46:13.260134,2020-05-18 06:46:13.260134
3,729974795102,小山 大地,108-0014東京都港区芝浦三丁目1番21号,2020-05-18 06:46:13.263611,2020-05-18 06:46:13.263611
4,568256137701,高木 美咲,108-0014東京都港区芝浦三丁目1番21号,2020-05-18 06:46:13.266541,2020-05-18 06:46:13.266541
5,861204436498,新井 蒼,108-0014東京都港区芝浦三丁目1番21号,2020-05-18 06:46:13.269371,2020-05-18 06:46:13.269371
6,693389547520,小川 明日香,108-0014東京都港区芝浦三丁目1番21号,2020-05-18 06:46:13.272396,2020-05-18 06:46:13.272396
7,457425062792,田村 彩,108-0014東京都港区芝浦三丁目1番21号,2020-05-18 06:46:13.275696,2020-05-18 06:46:13.275696
8,959191920068,伊藤 陽菜,108-0014東京都港区芝浦三丁目1番21号,2020-05-18 06:46:13.278700,2020-05-18 06:46:13.278700
9,023952305416,藤井 美月,108-0014東京都港区芝浦三丁目1番21号,2020-05-18 06:46:13.281442,2020-05-18 06:46:13.281442
10,911394647690,河野 陸,108-0014東京都港区芝浦三丁目1番21号,2020-05-18 06:46:13.285170,2020-05-18 06:46:13.285170
11,110414844607,武田 陸,108-0014東京都港区芝浦三丁目1番21号,2020-05-18 06:46:13.288050,2020-05-18 06:46:13.288050
12,012152939429,松本 遼,108-0014東京都港区芝浦三丁目1番21号,2020-05-18 06:46:13.290832,2020-05-18 06:46:13.290832
13,431090611274,大野 美穂,108-0014東京都港区芝浦三丁目1番21号,2020-05-18 06:46:13.293934,2020-05-18 06:46:13.293934
14,634620876071,工藤 陽太,108-0014東京都港区芝浦三丁目1番21号,2020-05-18 06:46:13.296811,2020-05-18 06:46:13.296811
15,806470662351,石田 茜,108-0014東京都港区芝浦三丁目1番21号,2020-05-18 06:46:13.299895,2020-05-18 06:46:13.299895
16,328225427819,杉山 美咲,108-0014東京都港区芝浦三丁目1番21号,2020-05-18 06:46:13.303013,2020-05-18 06:46:13.303013
17,939757111860,岡田 優,108-0014東京都港区芝浦三丁目1番21号,2020-05-18 06:46:13.306865,2020-05-18 06:46:13.306865
18,978314155225,今井 優衣,108-0014東京都港区芝浦三丁目1番21号,2020-05-18 06:46:13.310698,2020-05-18 06:46:13.310698
19,954798656854,酒井 陸,108-0014東京都港区芝浦三丁目1番21号,2020-05-18 06:46:13.314122,2020-05-18 06:46:13.314122
20,767745896801,後藤 愛子,108-0014東京都港区芝浦三丁目1番21号,2020-05-18 06:46:13.317401,2020-05-18 06:46:13.317401
21,501628977607,小林 凛,108-0014東京都港区芝浦三丁目1番21号,2020-05-18 06:46:13.320382,2020-05-18 06:46:13.320382
22,376607903500,野村 優衣,108-0014東京都港区芝浦三丁目1番21号,2020-05-18 06:46:13.333811,2020-05-18 06:46:13.333811
23,586679036953,小野 美優,108-0014東京都港区芝浦三丁目1番21号,2020-05-18 06:46:13.336929,2020-05-18 06:46:13.336929
24,549170564486,久保 未来,108-0014東京都港区芝浦三丁目1番21号,2020-05-18 06:46:13.339977,2020-05-18 06:46:13.339977
25,332503530479,伊藤 健,108-0014東京都港区芝浦三丁目1番21号,2020-05-18 06:46:13.343451,2020-05-18 06:46:13.343451
26,036770726783,松本 亮,108-0014東京都港区芝浦三丁目1番21号,2020-05-18 06:46:13.346374,2020-05-18 06:46:13.346374
27,782086726675,木村 茜,108-0014東京都港区芝浦三丁目1番21号,2020-05-18 06:46:13.349360,2020-05-18 06:46:13.349360
28,533247711639,石井 仁,108-0014東京都港区芝浦三丁目1番21号,2020-05-18 06:46:13.352101,2020-05-18 06:46:13.352101
29,189527098838,渡部 愛,108-0014東京都港区芝浦三丁目1番21号,2020-05-18 06:46:13.356065,2020-05-18 06:46:13.356065
30,870242371453,斎藤 彩乃,108-0014東京都港区芝浦三丁目1番21号,2020-05-18 06:46:13.359654,2020-05-18 06:46:13.359654
31,390278577033,中島 悠人,108-0014東京都港区芝浦三丁目1番21号,2020-05-18 06:46:13.363168,2020-05-18 06:46:13.363168
32,811877931334,池田 航,108-0014東京都港区芝浦三丁目1番21号,2020-05-18 06:46:13.366231,2020-05-18 06:46:13.366231
33,557902568819,藤原 太郎,108-0014東京都港区芝浦三丁目1番21号,2020-05-18 06:46:13.369762,2020-05-18 06:46:13.369762
34,083162077996,久保 愛,108-0014東京都港区芝浦三丁目1番21号,2020-05-18 06:46:13.372476,2020-05-18 06:46:13.372476
35,301391537927,安藤 恵,108-0014東京都港区芝浦三丁目1番21号,2020-05-18 06:46:13.375621,2020-05-18 06:46:13.375621
36,536737063156,福田 一郎,108-0014東京都港区芝浦三丁目1番21号,2020-05-18 06:46:13.379002,2020-05-18 06:46:13.379002
37,172326983477,武田 太一,108-0014東京都港区芝浦三丁目1番21号,2020-05-18 06:46:13.382012,2020-05-18 06:46:13.382012
38,552943755085,木村 一郎,108-0014東京都港区芝浦三丁目1番21号,2020-05-18 06:46:13.385154,2020-05-18 06:46:13.385154
39,159311929466,小島 千尋,108-0014東京都港区芝浦三丁目1番21号,2020-05-18 06:46:13.388433,2020-05-18 06:46:13.388433
40,696917662613,石川 芽衣,108-0014東京都港区芝浦三丁目1番21号,2020-05-18 06:46:13.391522,2020-05-18 06:46:13.391522
41,588028131628,藤本 七海,108-0014東京都港区芝浦三丁目1番21号,2020-05-18 06:46:13.394944,2020-05-18 06:46:13.394944
42,847407863605,渡辺 優奈,108-0014東京都港区芝浦三丁目1番21号,2020-05-18 06:46:13.399054,2020-05-18 06:46:13.399054
43,051415233581,今井 直樹,108-0014東京都港区芝浦三丁目1番21号,2020-05-18 06:46:13.402543,2020-05-18 06:46:13.402543
44,827405534813,大塚 海斗,108-0014東京都港区芝浦三丁目1番21号,2020-05-18 06:46:13.405557,2020-05-18 06:46:13.405557
45,430074255587,森田 颯太,108-0014東京都港区芝浦三丁目1番21号,2020-05-18 06:46:13.408479,2020-05-18 06:46:13.408479
46,929039422056,原田 陽子,108-0014東京都港区芝浦三丁目1番21号,2020-05-18 06:46:13.412060,2020-05-18 06:46:13.412060
47,930816532932,藤原 美咲,108-0014東京都港区芝浦三丁目1番21号,2020-05-18 06:46:13.415872,2020-05-18 06:46:13.415872
48,265615957710,小林 瑛太,108-0014東京都港区芝浦三丁目1番21号,2020-05-18 06:46:13.419248,2020-05-18 06:46:13.419248
49,536514418671,山崎 真央,108-0014東京都港区芝浦三丁目1番21号,2020-05-18 06:46:13.422797,2020-05-18 06:46:13.422797
50,864963289610,石井 直樹,108-0014東京都港区芝浦三丁目1番21号,2020-05-18 06:46:13.425799,2020-05-18 06:46:13.425799
